
-- phpMyAdmin SQL Dump
-- version 3.5.2.2
-- http://www.phpmyadmin.net
--
-- Host: localhost
-- Generation Time: Feb 11, 2015 at 12:48 PM
-- Server version: 5.1.71
-- PHP Version: 5.2.17

SET SQL_MODE="NO_AUTO_VALUE_ON_ZERO";
SET time_zone = "+00:00";


/*!40101 SET @OLD_CHARACTER_SET_CLIENT=@@CHARACTER_SET_CLIENT */;
/*!40101 SET @OLD_CHARACTER_SET_RESULTS=@@CHARACTER_SET_RESULTS */;
/*!40101 SET @OLD_COLLATION_CONNECTION=@@COLLATION_CONNECTION */;
/*!40101 SET NAMES utf8 */;

--
-- Database: `u971202042_seek`
--

-- --------------------------------------------------------

--
-- Table structure for table `event`
--

CREATE TABLE IF NOT EXISTS `event` (
  `event_id` int(11) NOT NULL AUTO_INCREMENT,
  `user_id` int(11) NOT NULL,
  `e_name` varchar(50) COLLATE utf8_unicode_ci NOT NULL,
  `start_date` date NOT NULL,
  `end_date` date NOT NULL,
  `address` varchar(255) COLLATE utf8_unicode_ci NOT NULL,
  `post_code` varchar(50) COLLATE utf8_unicode_ci NOT NULL,
  `latitude` decimal(9,6) NOT NULL,
  `longitude` decimal(9,6) NOT NULL,
  `max_cap` int(11) NOT NULL,
  `reg_link` varchar(255) COLLATE utf8_unicode_ci NOT NULL,
  `e_desc` text COLLATE utf8_unicode_ci NOT NULL,
  `created_at` timestamp NOT NULL DEFAULT CURRENT_TIMESTAMP,
  `updated_at` timestamp NOT NULL DEFAULT '0000-00-00 00:00:00',
  PRIMARY KEY (`event_id`),
  KEY `fk_event` (`user_id`)
) ENGINE=MyISAM  DEFAULT CHARSET=utf8 COLLATE=utf8_unicode_ci AUTO_INCREMENT=109 ;

--
-- Dumping data for table `event`
--

INSERT INTO `event` (`event_id`, `user_id`, `e_name`, `start_date`, `end_date`, `address`, `post_code`, `latitude`, `longitude`, `max_cap`, `reg_link`, `e_desc`, `created_at`, `updated_at`) VALUES
(12, 83, 'Dream, Act, Inspire!', '2014-11-22', '2014-11-23', '5, Gower Place, Holburn, London', 'WC1E6BS', '53.710116', '-1.858415', 100, 'http://www.eventbrite.co.uk/e/dream-act-inspire-tickets-10369416203', 'Testing...', '2014-12-17 12:39:31', '0000-00-00 00:00:00'),
(13, 8, 'Social Futures - Future of Enterprise Education', '2015-02-11', '2015-02-13', 'Flat 9, 453, Caledonian Road, Holloway, London', 'N79BA', '51.547040', '-0.118184', 75, 'http://www.eventbrite.co.uk', 'TEsting.....', '2014-12-17 12:51:29', '0000-00-00 00:00:00'),
(14, 8, 'Talking social enterprise with like-minded people', '2014-08-25', '2014-08-25', 'The Wharf, 6 Slate Wharf, Castlefield, Manchester', 'M154ST ', '53.471358', '-2.251843', 60, 'http://www.eventbrite.co.uk', 'TEsting.....', '2014-12-17 13:02:23', '0000-00-00 00:00:00'),
(73, 82, 'Webinars', '2015-03-06', '2015-03-06', '283, High Road Leyton, Leyton, London', 'E105QN', '51.559313', '-0.008217', 25, 'https://unltd.org.uk/unltd-together/', 'bnj', '2015-01-16 01:19:24', '0000-00-00 00:00:00'),
(74, 91, 'Social Entrepreneur Week', '2015-05-05', '2015-05-10', '15 Gordon Street, Bloomsbury, London', 'WC1H0AH', '51.524918', '-0.132273', 89, 'https://unltd.org.uk/unltd-together/', 'team', '2015-01-16 01:29:35', '0000-00-00 00:00:00'),
(100, 6, 'Social Entrepreneur Connect and Reflect', '2015-02-10', '2015-02-10', 'The Lighthouse, 11, Mitchell Lane, Glasgow', 'G1 3NU', '55.859988', '-4.255228', 200, 'http://www.eventbrite.co.uk/e/social-entrepreneur-connect-and-reflect-tickets-15218169956', 'There will be a whole range of tasty nibbles to fuel your networking! And we''ll tell you about our exciting Spark Awards, funding of up to £500 to allow you to network and share skills with your peers.\r\n\r\nNo matter what stage you''re at in the development of your social enterprise, we''d love to see you there. We want to create a relaxed space to encourage knowledge sharing and new connections and collaborations.', '2015-01-29 22:33:33', '0000-00-00 00:00:00'),
(101, 6, 'SHINE Unconference', '2015-03-28', '2015-03-28', 'Sadler''s Wells, Rosebery Avenue, London', 'EC1R 4TN', '51.529499', '-0.104935', 200, 'http://www.eventbrite.co.uk/e/shine-unconference-2012-tickets-3873654204', 'At this year''s SHINE you can:\r\nGet one-to-one support from HR advice to funding to work/life balance\r\nPick & Mix panel sessions and keynote speakers\r\nMeet and learn from other social entrepreneurs, who have already done it and are willing to share their journey and experiences\r\nSo if you''re looking to grow an idea into a reality or want grow your existing social venture to the next level, then SHINE 2012 truly is the place to be during Global Entrepreneurship Week.', '2015-01-29 22:37:22', '0000-00-00 00:00:00'),
(102, 6, 'Start Something Social - A Celebration', '2015-03-03', '2015-03-03', 'Ewood Park, Nuttall Street, Blackburn', 'BB2 4JF', '53.728562', '-2.489450', 100, 'http://www.eventbrite.co.uk/e/start-something-social-a-celebration-tickets-15470369291', 'Start Something Social is UnLtd’s offering to schools embedding social entrepreneurship into the curriculum. It includes awards to 11-14 years olds and other forms of support. We are organising two celebration events across the North East where we bring together young award winners, teachers, parents, social entrepreneurs, funders (Cabinet Office) and partners, and we would love to invite you to join us.', '2015-01-29 22:51:50', '0000-00-00 00:00:00'),
(107, 8, 'Living It Festival', '2015-02-11', '2015-02-11', '5 Bonhill Street, London', 'EC2A', '51.522651', '-0.085768', 55, 'http://www.eventbrite.co.uk/e/living-it-festival-tickets-11384550497', 'UnLtd are inviting you and your colleagues, friends and family to the biggest ever festival for young social entrepreneurs and those who support this work. We are collectively taking over Goo8le Campus in London - all three floors of it! The Living It Festival is a two-day extravaganza of a colourful range of activities.', '2015-02-11 00:04:39', '0000-00-00 00:00:00'),
(106, 103, 'What is the ERASMUS for Entrepreneurs programme?', '2015-06-10', '2015-06-10', '123, Whitecross Street, Islington, London', 'EC1Y8JJ', '51.522622', '-0.092790', 200, 'http://www.eventbrite.co.uk/e/what-is-the-erasmus-for-entrepreneurs-programme-how-can-you-get-involved-tickets-11751588317', 'Erasmus for Young Entrepreneurs is a cross-border exchange programme which gives new or aspiring entrepreneurs the chance to learn from experienced entrepreneurs running small businesses in other Participating Countries. This a fantastic opportunity for entrepreneurs who have three years or more experience to share their knowledge and experience and get some ''hands on'' help from an entrepreneur starting out. ', '2015-02-11 00:00:21', '0000-00-00 00:00:00'),
(108, 6, 'test', '2015-02-11', '2015-02-11', '30, Store St, London', 'WC1E7QD', '51.519832', '-0.131318', 230, 'link', 'test', '2015-02-11 02:07:00', '0000-00-00 00:00:00');

-- --------------------------------------------------------

--
-- Table structure for table `users`
--

CREATE TABLE IF NOT EXISTS `users` (
  `user_id` int(11) NOT NULL AUTO_INCREMENT,
  `first_name` varchar(50) COLLATE utf8_unicode_ci NOT NULL,
  `last_name` varchar(50) COLLATE utf8_unicode_ci NOT NULL,
  `email_address` varchar(50) COLLATE utf8_unicode_ci NOT NULL,
  `user_pass` varchar(50) COLLATE utf8_unicode_ci NOT NULL,
  `terms_cond` varchar(10) COLLATE utf8_unicode_ci NOT NULL,
  `phone_nmbr` varchar(50) COLLATE utf8_unicode_ci NOT NULL,
  `address` varchar(255) COLLATE utf8_unicode_ci NOT NULL,
  `post_code1` varchar(50) COLLATE utf8_unicode_ci NOT NULL,
  `post_code2` varchar(50) COLLATE utf8_unicode_ci NOT NULL,
  `post_code` varchar(50) COLLATE utf8_unicode_ci NOT NULL,
  `latitude` decimal(9,6) NOT NULL,
  `longitude` decimal(9,6) NOT NULL,
  `birth_date` date NOT NULL,
  `under_18` varchar(50) COLLATE utf8_unicode_ci NOT NULL,
  `gender` varchar(50) COLLATE utf8_unicode_ci NOT NULL,
  `int_tags` varchar(255) COLLATE utf8_unicode_ci NOT NULL,
  `use_currloc` varchar(50) COLLATE utf8_unicode_ci NOT NULL,
  `see_currloc` varchar(50) COLLATE utf8_unicode_ci NOT NULL,
  `see_details` varchar(50) COLLATE utf8_unicode_ci NOT NULL,
  `created_at` timestamp NOT NULL DEFAULT CURRENT_TIMESTAMP,
  `updated_at` timestamp NOT NULL DEFAULT '0000-00-00 00:00:00',
  PRIMARY KEY (`user_id`)
) ENGINE=MyISAM  DEFAULT CHARSET=utf8 COLLATE=utf8_unicode_ci AUTO_INCREMENT=130 ;

--
-- Dumping data for table `users`
--

INSERT INTO `users` (`user_id`, `first_name`, `last_name`, `email_address`, `user_pass`, `terms_cond`, `phone_nmbr`, `address`, `post_code1`, `post_code2`, `post_code`, `latitude`, `longitude`, `birth_date`, `under_18`, `gender`, `int_tags`, `use_currloc`, `see_currloc`, `see_details`, `created_at`, `updated_at`) VALUES
(1, 'admin', 'seek', 'adminuser', 'tester123', 'true', '07120003695', '4,Chiswell Street,London', 'EC1Y 4UP', 'EC1Y 4UP', 'EC1Y 4UP', '51.547139', '-0.118320', '1985-11-24', 'true', 'Female', 'Hiking', 'true', 'false', 'true', '2014-12-18 06:01:26', '2014-12-23 01:28:45'),
(6, 'Harry', 'Potter', 'harry.potter@hogwarts.co.uk', 'harrypotter', 'true', '07147483647', '65,Shepherd''s Bush Green,London', 'W12 8QE', 'W12 8QE', 'W12 8QE', '51.524061', '-0.093064', '1990-07-05', 'true', 'Male', 'repairing, computers', 'true', 'false', 'true', '2014-12-19 09:14:04', '2014-12-23 01:39:26'),
(7, 'Hermione', 'Granger', 'hermione.granger@hogwarts.co.uk', 'hermione', 'true', '07415896223', '4,Tiltman Place,London', 'N7 7EG', 'N7 7EG', 'N7 7EG', '51.524011', '-0.093354', '1989-05-20', 'false', 'Female', 'Books, Literature', 'false', 'false', 'false', '2014-12-19 09:22:29', '2014-12-23 01:40:01'),
(8, 'Ron', 'Weasley', 'ron.weasley@hogwarts.co.uk', 'weasley', 'true', '07415896223', '120B,Dunedin Road,London', 'E10 5NL', 'E10 5NL', 'E10 5NL', '51.524773', '-0.133412', '1998-02-04', 'false', 'Male', 'fishing, biking', 'true', 'true', 'true', '2014-12-19 09:31:20', '2014-12-23 01:39:45'),
(9, 'Bruce', 'Wayne', 'brucewayne', 'iambatman', 'true', '07415896223', '1,Alfred Mews,London', 'W1T 7AA', 'W1T 7AA', 'W1T 7AA', '51.558995', '-0.007507', '1998-09-24', 'true', 'Male', 'business, bread, car', 'true', 'true', 'true', '2014-12-23 18:16:00', '0000-00-00 00:00:00'),
(19, 'Sheldon', 'Cooper', 'sheldon.cooper@bigbangtheory.com', 'shelly', 'true', '07415896223', '8,Montpelier,Edinburgh', 'EH10 4LZ', 'EH10 4LZ', 'EH10 4LZ', '51.513966', '-0.116732', '1970-01-30', 'false', 'Male', 'physics, computers, games, comic books', 'true', 'false', 'true', '2014-12-27 01:15:28', '0000-00-00 00:00:00'),
(127, 'Lauren', 'Parsons', 'LaurenParsons@teleworm.us', 'Ue3Aa2phai', 'true', '07622587639', '30 Scarcroft Road', 'AB56 9HB', 'AB56 9HB', 'AB56 9HB', '57.101379', '-2.306425', '1942-10-20', 'true', 'Male', 'sed consequat auctor, nunc nulla vulputate dui,', 'true', 'true', 'false', '2014-06-15 09:21:08', '2014-10-18 21:00:34'),
(128, 'Summer', 'Rowe', 'SummerRowe@dayrep.com', 'ooPai4ie1wei', 'true', '07821109527', '3 Manor Close', 'TQ6 6WF', 'TQ6 6WF', 'TQ6 6WF', '50.261368', '-3.550955', '1994-12-05', 'true', 'Male', 'dictum cursus. Nunc mauris elit,', 'true', 'true', 'false', '2015-01-15 23:43:25', '2014-09-28 18:20:27'),
(129, 'Scott', 'Chadwick', 'ScottChadwick@cuvox.de', 'QuaeR9loh4i', 'true', '07105960600', '43 West Lane', 'PL14 2LL', 'PL14 2LL', 'PL14 2LL', '50.476463', '-4.555459', '1987-02-02', 'false', 'Female', 'Vivamus', 'false', 'true', 'false', '2014-12-21 03:11:19', '2014-11-18 21:35:03'),
(126, 'Eve', 'Burton', 'EveBurton@cuvox.de', 'Shohlib5phi', 'true', '07907919941', '84 Brynglas Road', 'EH45 7PU', 'EH45 7PU', 'EH45 7PU', '55.623337', '-3.203083', '1970-03-28', 'true', 'Male', 'Nulla eu neque pellentesque massa lobortis ultrices.', 'true', 'true', 'false', '2014-07-31 03:21:33', '2014-12-04 14:22:06'),
(125, 'Cerys', 'Sharpe', 'CerysSharpe@einrot.com', 'eiw2idie2eC', 'true', '07833958153', '66 Stroude Road', 'FY6 4PB', 'FY6 4PB', 'FY6 4PB', '53.882847', '-3.037730', '1969-09-18', 'false', 'Female', 'ac, eleifend vitae,', 'false', 'false', 'false', '2015-01-17 01:28:06', '2014-05-08 04:57:01'),
(124, 'Ella', 'Briggs', 'EllaBriggs@rhyta.com', 'ud5aigh3Ph', 'true', '07927329825', '38 Hertingfordbury Rd', 'KW1 6YA', 'KW1 6YA', 'KW1 6YA', '58.138454', '-3.269918', '1945-10-08', 'false', 'Female', 'non, egestas a,', 'false', 'false', 'true', '2014-06-16 20:59:17', '2014-07-08 23:24:25'),
(123, 'Riley', 'Houghton', 'RileyHoughton@fleckens.hu', 'EuNg1yu4jeish', 'true', '07141947356', '88 Southend Avenue', 'GU4 2NP', 'GU4 2NP', 'GU4 2NP', '51.121155', '-0.576841', '1982-01-04', 'false', 'Female', 'libero mauris, aliquam eu, accumsan', 'false', 'false', 'true', '2015-01-26 15:05:01', '2014-05-01 23:27:10'),
(122, 'Daniel', 'Rose', 'DanielRose@rhyta.com', 'ahsaeyeiH1', 'true', '07214660235', '26 Freezeland Lane', 'EX23 1GZ', 'EX23 1GZ', 'EX23 1GZ', '50.734943', '-4.486231', '1947-10-27', 'true', 'Male', 'ligula', 'true', 'false', 'true', '2014-03-22 13:50:37', '2014-02-01 19:25:13'),
(121, 'Louis', 'Hargreaves', 'LouisHargreaves@cuvox.de', 'Piev2fie6Oo', 'true', '07555434097', '70 Iffley Road', 'OX9 4FN', 'OX9 4FN', 'OX9 4FN', '51.536720', '-1.105237', '1950-08-30', 'true', 'Male', 'dolor sit amet, consectetuer adipiscing', 'true', 'true', 'true', '2014-12-11 04:40:11', '2014-07-24 11:08:44'),
(120, 'Yasmin', 'Barlow', 'YasminBarlow@teleworm.us', 'Ohcha7phahsh', 'true', '07962907394', '6 Argyll Road', 'SY23 7NA', 'SY23 7NA', 'SY23 7NA', '51.765137', '-4.160106', '1940-05-08', 'true', 'Male', 'fames ac turpis', 'true', 'true', 'true', '2015-02-07 00:12:10', '2015-02-04 20:45:17'),
(119, 'Mollie', 'Savage', 'MollieSavage@rhyta.com', 'quohl0Ee', 'true', '07317997264', '53 Preston Rd', 'PE10 3PY', 'PE10 3PY', 'PE10 3PY', '52.170078', '-0.021843', '1986-05-05', 'false', 'Female', 'vestibulum nec, euismod in, dolor. Fusce feugiat.', 'false', 'true', 'false', '2014-08-15 03:31:42', '2014-05-04 09:33:00'),
(118, 'Toby', 'Chamberlain', 'TobyChamberlain@teleworm.us', 'Irohnau3i', 'true', '07012457925', '52 Sutton Wick Lane', 'L63 7TJ', 'L63 7TJ', 'L63 7TJ', '53.381516', '-3.007500', '1990-01-04', 'false', 'Female', 'odio a purus. Duis elementum,', 'false', 'true', 'false', '2014-09-01 04:08:49', '2014-03-04 07:54:55'),
(117, 'Aidan', 'Henry', 'AidanHenry@teleworm.us', 'ahsae7uPh', 'true', '07096133834', '15 Crescent Avenue', 'IV40 8BE', 'IV40 8BE', 'IV40 8BE', '57.160160', '-5.581640', '1973-03-19', 'false', 'Female', 'nunc sit amet metus.', 'false', 'false', 'false', '2014-04-04 17:39:25', '2014-11-15 14:46:30'),
(116, 'Amelia', 'Pearce', 'AmeliaPearce@dayrep.com', 'aeyohexiec8Oo', 'true', '07395704708', '48 Sea Road', 'PE14 4UG', 'PE14 4UG', 'PE14 4UG', '52.449833', '0.302569', '1998-08-03', 'true', 'Male', 'vitae erat vel pede blandit congue.', 'true', 'false', 'false', '2014-03-26 12:50:11', '2014-06-03 08:11:44'),
(115, 'Kiera', 'Porter', 'KieraPorter@gustr.com', 'Foo8ti6cie', 'true', '07376096043', '36 Whatlington Road', 'CB3 5RL', 'CB3 5RL', 'CB3 5RL', '52.060757', '-0.487883', '1991-01-22', 'true', 'Male', 'sollicitudin orci sem eget massa. Suspendisse eleifend.', 'true', 'false', 'false', '2014-08-02 05:11:40', '2014-03-16 04:26:56'),
(114, 'Jacob', 'Duncan', 'JacobDuncan@dayrep.com', 'NeeT0aing', 'true', '07140612908', '29 Consett Rd', 'AB1 8AP', 'AB1 8AP', 'AB1 8AP', '56.732014', '-2.438843', '1942-09-29', 'true', 'Male', 'vitae velit egestas', 'true', 'false', 'true', '2014-12-10 13:58:10', '2014-02-02 12:59:41'),
(112, 'Katherine', 'Steele', 'KatherineSteele@superrito.com', 'phae9Hai2O', 'true', '07892178309', '39 Princes Street', 'TN15 6PU', 'TN15 6PU', 'TN15 6PU', '51.243355', '0.325823', '1991-08-17', 'false', 'Female', 'primis in', 'false', 'true', 'true', '2014-03-16 23:56:39', '2014-12-05 16:47:28'),
(113, 'Corey', 'Dyer', 'CoreyDyer@cuvox.de', 'eigh3ZooGh', 'true', '07443517143', '34 Osborne Road', 'DT10 5AE', 'DT10 5AE', 'DT10 5AE', '50.674393', '-2.119850', '1988-11-02', 'false', 'Female', 'mauris erat eget ipsum.', 'false', 'true', 'true', '2014-02-26 02:12:10', '2014-10-19 13:14:56'),
(111, 'James', 'Talbot', 'JamesTalbot@fleckens.hu', 'reeVeiqu1', 'true', '07536621361', '17 New Dover Rd', 'CA17 3LF', 'CA17 3LF', 'CA17 3LF', '54.428688', '-2.279169', '1984-06-29', 'false', 'Female', 'ac orci. Ut semper pretium', 'false', 'true', 'true', '2014-12-19 09:12:34', '2014-09-10 05:39:59'),
(110, 'Joe', 'Gould', 'JoeGould@rhyta.com', 'iehahw2Ooph', 'true', '07181735676', '84 Newmarket Road', 'LA22 9TP', 'LA22 9TP', 'LA22 9TP', '54.313232', '-3.093237', '1982-06-20', 'true', 'Male', 'Aliquam nec enim. Nunc ut erat.', 'true', 'true', 'true', '2015-02-03 04:16:05', '2015-01-04 00:48:41'),
(109, 'Hannah', 'Chandler', 'HannahChandler@teleworm.us', 'vah1Un5Zi', 'true', '07164197363', '27 Golf Road', 'DL8 5JU', 'DL8 5JU', 'DL8 5JU', '54.261295', '-1.504758', '1971-03-01', 'true', 'Male', 'nascetur ridiculus mus. Donec dignissim magna', 'true', 'false', 'false', '2014-12-18 09:05:48', '2015-01-09 01:23:37'),
(108, 'Harvey', 'Hobbs', 'HarveyHobbs@teleworm.us', 'eth5Weiz9', 'true', '07465064807', '44 Boughton Rd', 'NR11 9YU', 'NR11 9YU', 'NR11 9YU', '52.723755', '1.254367', '1984-09-30', 'true', 'Male', 'fringilla euismod', 'true', 'false', 'false', '2014-03-06 22:31:54', '2014-10-10 21:56:05'),
(106, 'Sofia', 'Griffin', 'SofiaGriffin@armyspy.com', 'Pe3eegaetai', 'true', '07824951613', '4 Ivy Lane', 'BS21 3AB', 'BS21 3AB', 'BS21 3AB', '51.414829', '-2.815909', '1945-10-30', 'false', 'Female', 'cursus. Nunc', 'false', 'false', 'false', '2014-05-20 07:11:12', '2014-12-06 18:30:46'),
(107, 'Ethan', 'Hodgson', 'EthanHodgson@rhyta.com', 'Ohquabacae1', 'true', '07691951401', '36 Stone Cellar Road', 'PA34 1WR', 'PA34 1WR', 'PA34 1WR', '56.122742', '-5.255520', '1943-01-05', 'false', 'Female', 'magnis dis parturient montes,', 'false', 'false', 'false', '2014-09-29 08:41:56', '2014-11-17 01:22:00'),
(105, 'Isabelle', 'Skinner', 'IsabelleSkinner@cuvox.de', 'luxai4iMoosi', 'true', '07003680976', '10 Church Way', 'AB55 2XY', 'AB55 2XY', 'AB55 2XY', '57.306808', '-3.230615', '1949-02-08', 'false', 'Female', 'felis. Nulla tempor augue ac ipsum.', 'false', 'true', 'false', '2014-03-03 14:50:07', '2014-10-15 14:32:32'),
(104, 'Natasha', 'Knight', 'NatashaKnight@teleworm.us', 'aiDaeJohgu0', 'true', '07732253598', '41 Leicester Road', 'DL5 6YY', 'DL5 6YY', 'DL5 6YY', '54.662235', '-1.499491', '2000-11-14', 'true', 'Male', 'elementum, lorem ut', 'true', 'true', 'true', '2014-10-11 17:06:17', '2014-06-26 22:44:29'),
(103, 'Kyle', 'Goddard', 'KyleGoddard@superrito.com', 'Ohngau7ahP', 'true', '07542627175', '14 Jesmond Rd', 'PH36 3JX', 'PH36 3JX', 'PH36 3JX', '55.941936', '-5.355107', '1947-06-10', 'true', 'Male', 'non nisi. Aenean eget metus.', 'true', 'true', 'true', '2014-11-19 14:15:39', '2014-06-10 19:47:28'),
(101, 'Lilly', 'Ross', 'LillyRoss@jourrapide.com', 'fooRu6Ohm9', 'true', '07493940893', '2 Prince Consort Road', 'AB51 8RR', 'AB51 8RR', 'AB51 8RR', '57.215099', '-2.501143', '1963-01-12', 'false', 'Female', 'felis purus ac tellus. Suspendisse sed dolor.', 'false', 'false', 'true', '2014-09-22 11:57:28', '2014-04-27 20:42:40'),
(102, 'Abigail', 'Pratt', 'AbigailPratt@teleworm.us', 'Aeh0wooJoh', 'true', '07263120456', '39 Oxford Rd', 'KW15 8HG', 'KW15 8HG', 'KW15 8HG', '59.062145', '-3.008370', '1975-01-20', 'true', 'Male', 'venenatis a,', 'true', 'true', 'true', '2014-07-25 08:20:36', '2014-08-01 09:01:20'),
(100, 'Eve', 'Pollard', 'EvePollard@armyspy.com', 'oZeihah4k', 'true', '07235153728', '98 Fordham Rd', 'DE13 6PT', 'DE13 6PT', 'DE13 6PT', '52.776566', '-1.664917', '1983-09-07', 'false', 'Female', 'tincidunt pede ac', 'false', 'false', 'true', '2014-04-28 21:41:43', '2014-04-16 01:29:08'),
(99, 'Maisie', 'Joyce', 'MaisieJoyce@superrito.com', 'AifeiD0Yiqu', 'true', '07417662783', '94 George Street', 'DN20 5PR', 'DN20 5PR', 'DN20 5PR', '52.775002', '-1.039316', '1971-07-29', 'false', 'Female', 'nec urna suscipit', 'false', 'false', 'false', '2014-09-20 09:36:09', '2014-03-11 01:41:07'),
(98, 'Matthew', 'Jennings', 'MatthewJennings@rhyta.com', 'Finohch4ai', 'true', '07911658583', '31 Dover Road', 'AB45 1ZF', 'AB45 1ZF', 'AB45 1ZF', '57.117661', '-2.004720', '1996-07-19', 'true', 'Male', 'dapibus ligula. Aliquam erat volutpat.', 'true', 'false', 'false', '2015-02-05 08:39:00', '2014-12-11 23:22:47'),
(97, 'Benjamin', 'Jenkins', 'BenjaminJenkins@teleworm.us', 'boh6eeYui', 'true', '07680177358', '2 Balsham Road', 'IP29 0DN', 'IP29 0DN', 'IP29 0DN', '52.092846', '0.677448', '1949-06-09', 'true', 'Male', 'ante ipsum', 'true', 'true', 'false', '2014-07-04 00:08:11', '2014-02-22 06:56:26'),
(95, 'Oliver', 'Manning', 'OliverManning@jourrapide.com', 'Xaem5heimie', 'true', '07227132181', '50 Prestwick Road', 'IV27 2PW', 'IV27 2PW', 'IV27 2PW', '57.326084', '-4.792116', '2000-10-30', 'false', 'Female', 'lorem ipsum sodales purus,', 'false', 'true', 'false', '2014-10-21 06:13:46', '2014-09-10 16:22:26'),
(96, 'Katie', 'Rees', 'KatieRees@fleckens.hu', 'she5Ekae4L', 'true', '07971458377', '67 Boar Lane', 'G83 0UL', 'G83 0UL', 'G83 0UL', '55.942444', '-4.654661', '1972-08-21', 'true', 'Male', 'penatibus et', 'true', 'true', 'false', '2014-10-04 00:43:37', '2014-12-20 06:07:06'),
(93, 'Reece', 'Davidson', 'ReeceDavidson@teleworm.us', 'Quo5kaitha', 'true', '07998248162', '42 Whitchurch Road', 'EX31 7BB', 'EX31 7BB', 'EX31 7BB', '50.492786', '-3.783570', '1976-06-09', 'false', 'Female', 'hendrerit neque.', 'false', 'false', 'true', '2014-12-03 19:52:09', '2014-05-23 13:37:08'),
(94, 'Alicia', 'Porter', 'AliciaPorter@rhyta.com', 'aiYae8Ahsue', 'true', '07171820331', '68 Ponteland Rd', 'HR1 9NL', 'HR1 9NL', 'HR1 9NL', '51.328712', '-2.678509', '2000-01-11', 'false', 'Female', 'parturient montes, nascetur ridiculus mus.', 'false', 'true', 'true', '2014-02-15 05:51:51', '2014-07-26 04:23:33'),
(92, 'Jayden', 'Rowe', 'JaydenRowe@jourrapide.com', 'eixee5Ohphee', 'true', '07877956578', '39 Middlewich Road', 'BL9 9QY', 'BL9 9QY', 'BL9 9QY', '53.524338', '-2.204485', '1946-02-16', 'true', 'Male', 'dolor. Nulla semper tellus id nunc', 'true', 'false', 'true', '2014-08-28 04:55:03', '2014-11-24 00:00:51'),
(91, 'Nicholas', 'Talbot', 'NicholasTalbot@superrito.com', 'Eetha3voegae', 'true', '07201989043', '50 Boar Lane', 'TN24 5NT', 'TN24 5NT', 'TN24 5NT', '51.232857', '0.844039', '1945-07-12', 'true', 'Male', 'auctor velit. Aliquam nisl. Nulla eu neque', 'true', 'false', 'true', '2015-01-01 22:59:20', '2014-12-01 17:39:36'),
(90, 'Liam', 'Bradshaw', 'LiamBradshaw@dayrep.com', 'ooGha2tee', 'true', '07543910537', '46 Holburn Lane', 'TD5 0DZ', 'TD5 0DZ', 'TD5 0DZ', '55.531830', '-2.434182', '1951-09-14', 'true', 'Male', 'sed, facilisis vitae, orci. Phasellus dapibus quam', 'true', 'false', 'true', '2014-10-18 01:11:01', '2014-12-20 20:23:56'),
(89, 'Nicole', 'Field', 'NicoleField@cuvox.de', 'ier9Wei3', 'true', '07837750942', '47 Walden Road', 'CO10 0HL', 'CO10 0HL', 'CO10 0HL', '51.959454', '0.655894', '1994-11-02', 'false', 'Female', 'at, velit. Cras', 'false', 'true', 'false', '2014-10-28 23:49:10', '2014-08-19 08:30:28'),
(88, 'Amelia', 'French', 'AmeliaFrench@gustr.com', 'ief7tedieHoo', 'true', '07942585485', '14 Prestwick Road', 'PH6 8HJ', 'PH6 8HJ', 'PH6 8HJ', '56.381725', '-3.897608', '1955-01-02', 'false', 'Female', 'aliquet. Phasellus fermentum convallis', 'false', 'true', 'false', '2014-04-29 13:39:37', '2014-07-03 22:21:37'),
(87, 'Alisha', 'Hall', 'AlishaHall@cuvox.de', 'oaS5oht3bel6', 'true', '07376684011', '34 Cloch Rd', 'CM0 0UL', 'CM0 0UL', 'CM0 0UL', '51.662144', '0.865221', '1966-07-16', 'false', 'Female', 'gravida sit amet, dapibus id, blandit at,', 'false', 'true', 'false', '2014-05-28 23:59:05', '2014-07-29 06:35:21'),
(86, 'Abigail', 'Chapman', 'AbigailChapman@dayrep.com', 'Iep3ieFae', 'true', '07936047972', '72 Overton Circle', 'TS13 7AA', 'TS13 7AA', 'TS13 7AA', '54.357178', '-1.403408', '1958-05-01', 'true', 'Male', 'sodales at, velit.', 'true', 'true', 'false', '2014-12-21 07:26:44', '2014-08-09 21:03:41'),
(85, 'Aidan', 'Lewis', 'AidanLewis@rhyta.com', 'Eipud3hoo', 'true', '07892579611', '30 Pier Road', 'DE7 6YE', 'DE7 6YE', 'DE7 6YE', '52.875538', '-1.406724', '1958-11-19', 'true', 'Male', 'mauris sagittis placerat. Cras dictum', 'true', 'false', 'false', '2014-06-29 05:07:16', '2014-07-20 03:35:02'),
(84, 'Ethan', 'Carter', 'EthanCarter@einrot.com', 'IeGhoo7ohH', 'true', '07304208181', '78 Broad Street', 'GL54 5BL', 'GL54 5BL', 'GL54 5BL', '51.589943', '-1.691581', '1985-04-11', 'true', 'Male', 'non, egestas', 'true', 'false', 'true', '2014-02-09 11:30:05', '2014-04-01 10:56:26'),
(83, 'Matthew', 'Iqbal', 'MatthewIqbal@armyspy.com', 'eer8ashaiPo', 'true', '07149585992', '19 Ockham Road', 'PA48 1YN', 'PA48 1YN', 'PA48 1YN', '54.887165', '-6.831654', '1948-10-17', 'false', 'Female', 'vitae', 'false', 'false', 'true', '2014-12-24 06:49:05', '2014-03-22 18:35:03'),
(82, 'Morgan', 'Phillips', 'MorganPhillips@superrito.com', 'hair9ohYie', 'true', '07021299021', '23 Gordon Terrace', 'BA22 8YU', 'BA22 8YU', 'BA22 8YU', '50.954266', '-2.620258', '1953-03-27', 'false', 'Female', 'Vestibulum ante ipsum primis in faucibus orci', 'false', 'false', 'true', '2014-06-30 23:41:27', '2014-02-14 23:28:08'),
(81, 'Brooke', 'Chamberlain', 'BrookeChamberlain@jourrapide.com', 'tiPhi8puush', 'true', '07347533473', '89 Nenthead Road', 'LA2 0NN', 'LA2 0NN', 'LA2 0NN', '53.574177', '-2.817499', '1987-11-07', 'false', 'Female', 'sapien. Nunc pulvinar arcu et', 'false', 'true', 'true', '2014-11-02 09:20:52', '2014-10-12 16:16:24'),
(80, 'Faith', 'Bond', 'FaithBond@superrito.com', 'Waiz5shoh5', 'true', '07429323390', '25 Henley Road', 'KW16 7ZG', 'KW16 7ZG', 'KW16 7ZG', '58.582062', '-3.726705', '1941-08-28', 'true', 'Male', 'magna. Cras convallis convallis dolor. Quisque tincidunt', 'true', 'true', 'true', '2014-08-16 13:17:16', '2015-01-18 11:46:38'),
(79, 'Michael', 'Joyce', 'MichaelJoyce@teleworm.us', 'vohY7paojai', 'true', '07445374700', '11 Marcham Road', 'SP4 8RA', 'SP4 8RA', 'SP4 8RA', '51.060417', '-1.782435', '1943-06-08', 'true', 'Male', 'a, facilisis non,', 'true', 'true', 'false', '2014-11-25 04:42:33', '2014-12-21 03:56:28'),
(78, 'Samantha', 'James', 'SamanthaJames@cuvox.de', 'heete0Ahph6', 'true', '07044178305', '94 Argyll Street', 'NE66 1NA', 'NE66 1NA', 'NE66 1NA', '54.822868', '-1.689990', '1990-08-17', 'true', 'Male', 'montes, nascetur ridiculus', 'true', 'true', 'false', '2014-08-03 11:58:48', '2014-12-31 12:30:44'),
(77, 'Andrew', 'Holt', 'AndrewHolt@superrito.com', 'Iez4fauhoh', 'true', '07148859050', '64 Scotswood Road', 'BA11 1FX', 'BA11 1FX', 'BA11 1FX', '50.828346', '-2.406502', '1969-03-09', 'false', 'Female', 'dolor. Fusce mi', 'false', 'false', 'false', '2014-05-25 00:57:59', '2014-12-13 04:25:52'),
(76, 'Laura', 'Fraser', 'LauraFraser@rhyta.com', 'vaidiefoQu8', 'true', '07064730807', '36 Wade Lane', 'LN9 6AW', 'LN9 6AW', 'LN9 6AW', '52.685841', '-0.658899', '1960-12-16', 'false', 'Female', 'molestie tellus.', 'false', 'false', 'false', '2015-01-28 22:51:55', '2014-09-26 04:20:46'),
(75, 'Yasmin', 'Brady', 'YasminBrady@dayrep.com', 'Ietuongoo1', 'true', '07978271073', '43 Sandyhill Rd', 'SP11 4PT', 'SP11 4PT', 'SP11 4PT', '51.151699', '-1.475811', '1947-08-04', 'false', 'Female', 'nisl. Nulla', 'false', 'false', 'false', '2014-03-14 18:04:34', '2014-05-07 22:49:06'),
(73, 'Abigail', 'Harvey', 'AbigailHarvey@einrot.com', 'toXai0Ohf', 'true', '07733113299', '70 Old Edinburgh Road', 'CV12 3NN', 'CV12 3NN', 'CV12 3NN', '52.465473', '-1.447780', '1977-08-18', 'true', 'Male', 'convallis', 'true', 'true', 'true', '2014-07-24 16:58:39', '2014-09-23 20:56:25'),
(74, 'Andrew', 'Hayes', 'AndrewHayes@teleworm.us', 'aiZ4yohxee', 'true', '07483115500', '73 Malcolm Rd', 'SA15 9JH', 'SA15 9JH', 'SA15 9JH', '51.730289', '-4.248197', '1945-04-24', 'true', 'Male', 'erat eget ipsum. Suspendisse sagittis.', 'true', 'false', 'true', '2015-01-23 22:28:14', '2014-09-02 10:47:28'),
(72, 'Lara', 'Ingram', 'LaraIngram@dayrep.com', 'die1ahGh', 'true', '07342645544', '78 Ilchester Road', 'IV28 3DN', 'IV28 3DN', 'IV28 3DN', '57.923817', '-4.404310', '1985-11-20', 'true', 'Male', 'rutrum, justo. Praesent luctus. Curabitur egestas nunc', 'true', 'true', 'true', '2014-09-18 10:41:00', '2014-09-08 23:35:23'),
(65, 'Amber', 'Archer', 'AmberArcher@rhyta.com', 'gahZai8moo', 'true', '07520538625', '40 Trehafod Road', 'TD1 6YB', 'TD1 6YB', 'TD1 6YB', '55.640430', '-2.835580', '1972-03-03', 'false', 'Female', 'ut', 'false', 'true', 'false', '2014-06-02 16:48:31', '2014-02-22 01:00:03'),
(66, 'Scott', 'Palmer', 'ScottPalmer@armyspy.com', 'Iesohyieb8d', 'true', '07427525646', '6 Argyll Road', 'LD2 8SU', 'LD2 8SU', 'LD2 8SU', '51.631077', '-3.410966', '1995-05-17', 'true', 'Male', 'Ut semper', 'true', 'false', 'false', '2014-07-11 16:15:57', '2014-08-10 11:44:40'),
(67, 'Skye', 'Barry', 'SkyeBarry@teleworm.us', 'pu2Oochoo', 'true', '07011349539', '61 Hindhead Road', 'SK17 6RL', 'SK17 6RL', 'SK17 6RL', '52.548611', '-1.424962', '1970-05-29', 'true', 'Male', 'dolor. Fusce', 'true', 'false', 'false', '2014-12-14 16:45:22', '2014-04-22 22:00:36'),
(68, 'Sophie', 'Elliott', 'SophieElliott@teleworm.us', 'Oov4lequ2', 'true', '07191149213', '66 Roman Rd', 'TR27 1ZA', 'TR27 1ZA', 'TR27 1ZA', '50.132866', '-5.271490', '1965-08-29', 'true', 'Male', 'Class aptent taciti', 'true', 'false', 'false', '2014-02-20 19:57:24', '2014-08-24 13:35:30'),
(69, 'Peter', 'Pickering', 'PeterPickering@gustr.com', 'OhGhaeth9cei', 'true', '07175677236', '29 Whitchurch Road', 'DY7 7BF', 'DY7 7BF', 'DY7 7BF', '52.402420', '-2.169391', '1967-11-24', 'false', 'Female', 'Nam nulla', 'false', 'false', 'false', '2014-05-18 10:37:05', '2014-10-05 15:19:13'),
(70, 'Christopher', 'Duncan', 'ChristopherDuncan@armyspy.com', 'aePiey2oom', 'true', '07548903125', '58 Hudson St', 'SK16 6RS', 'SK16 6RS', 'SK16 6RS', '53.437241', '-2.002761', '1947-10-24', 'false', 'Female', 'ridiculus mus. Proin vel', 'false', 'true', 'true', '2014-06-16 00:23:53', '2014-09-12 23:28:43'),
(71, 'Oscar', 'Kennedy', 'OscarKennedy@dayrep.com', 'fooyae8Eex9', 'true', '07679921549', '24 Bishopthorpe Road', 'CA5 7LU', 'CA5 7LU', 'CA5 7LU', '54.751083', '-3.248245', '1959-06-22', 'false', 'Female', 'turpis nec mauris blandit mattis. Cras eget', 'false', 'true', 'true', '2015-01-02 09:44:46', '2015-01-18 08:19:48'),
(63, 'Ava', 'Brown', 'AvaBrown@superrito.com', 'Liequei8', 'true', '07713558345', '6 Withers Close', 'NE65 0AR', 'NE65 0AR', 'NE65 0AR', '55.147133', '-1.963155', '2000-10-16', 'false', 'Female', 'sem elit,', 'false', 'true', 'true', '2015-02-05 00:52:54', '2014-11-11 06:47:21'),
(64, 'Ben', 'Rowley', 'BenRowley@einrot.com', 'uo5vai7T', 'true', '07117656487', '42 Bishopgate Street', 'EX12 1EJ', 'EX12 1EJ', 'EX12 1EJ', '50.596493', '-3.227688', '1999-04-18', 'false', 'Female', 'in', 'false', 'true', 'true', '2014-03-31 19:32:09', '2015-01-22 16:24:16'),
(62, 'Charles', 'Coleman', 'CharlesColeman@teleworm.us', 'jahWohPa5', 'true', '07841798345', '33 Lamphey Road', 'RG7 2UH', 'RG7 2UH', 'RG7 2UH', '51.326916', '-0.972655', '1946-05-29', 'true', 'Male', 'et libero. Proin', 'true', 'true', 'true', '2015-01-23 13:27:09', '2015-01-05 15:10:45'),
(61, 'Eva', 'Knight', 'EvaKnight@gustr.com', 'Aimari8sh', 'true', '07566403429', '95 Simone Weil Avenue', 'AL9 1BN', 'AL9 1BN', 'AL9 1BN', '51.799320', '-0.225698', '1984-01-10', 'true', 'Male', 'aliquet nec, imperdiet nec, leo. Morbi', 'true', 'false', 'true', '2014-04-01 16:07:27', '2014-07-10 22:57:26'),
(60, 'Anna', 'Pearson', 'AnnaPearson@cuvox.de', 'vee3Vai8', 'true', '07851943014', '36 Ockham Road', 'PL14 8FG', 'PL14 8FG', 'PL14 8FG', '50.346474', '-4.474372', '1970-05-30', 'true', 'Male', 'ullamcorper viverra.', 'true', 'false', 'true', '2014-05-09 15:21:17', '2015-02-02 21:21:49'),
(59, 'Joseph', 'West', 'JosephWest@fleckens.hu', 'ituPh8um4', 'true', '07831119224', '11 Henley Road', 'IP12 0NQ', 'IP12 0NQ', 'IP12 0NQ', '51.912807', '1.429795', '1942-05-31', 'false', 'Female', 'risus quis diam luctus lobortis.', 'false', 'false', 'false', '2014-08-23 10:18:41', '2014-12-21 09:22:18'),
(58, 'Hayden', 'Tyler', 'HaydenTyler@superrito.com', 'Eng1kah5Phah', 'true', '07481429842', '65 Maidstone Road', 'NG22 0RH', 'NG22 0RH', 'NG22 0RH', '53.087578', '-0.938760', '1974-12-17', 'false', 'Female', 'ac mattis velit justo', 'false', 'false', 'false', '2014-07-30 17:41:58', '2014-12-05 02:33:17'),
(57, 'Dylan', 'Pugh', 'DylanPugh@fleckens.hu', 'oaThae0oo', 'true', '07560652594', '24 Russell Rd', 'GU5 4PY', 'GU5 4PY', 'GU5 4PY', '51.121323', '-0.495008', '1963-07-24', 'false', 'Female', 'quis accumsan convallis, ante lectus convallis est,', 'false', 'true', 'false', '2014-12-25 00:52:56', '2014-07-08 15:41:22'),
(56, 'Lauren', 'Steele', 'LaurenSteele@superrito.com', 'aekoo4oSh', 'true', '07355252564', '88 Brynglas Road', 'KY14 8NN', 'KY14 8NN', 'KY14 8NN', '56.297012', '-3.344295', '1993-08-24', 'true', 'Male', 'arcu et pede. Nunc', 'true', 'true', 'false', '2014-12-26 10:09:03', '2014-03-09 04:07:34'),
(55, 'Freddie', 'Mistry', 'FreddieMistry@superrito.com', 'zoDoong5k', 'true', '07745879858', '36 Newgate Street', 'BD21 0JS', 'BD21 0JS', 'BD21 0JS', '53.767902', '-1.965160', '1977-10-26', 'true', 'Male', 'tincidunt dui augue eu tellus.', 'true', 'true', 'false', '2014-09-21 07:58:47', '2014-05-28 00:06:34'),
(54, 'Jennifer', 'Walker', 'JenniferWalker@superrito.com', 'OhHeis9Xequ', 'true', '07649708836', '91 George Street', 'IV12 0EZ', 'IV12 0EZ', 'IV12 0EZ', '57.306393', '-4.418104', '1955-02-26', 'true', 'Male', 'vulputate eu, odio. Phasellus', 'true', 'true', 'true', '2014-06-23 03:34:48', '2014-12-19 10:03:43'),
(53, 'Evan', 'Rowe', 'EvanRowe@cuvox.de', 'aix1MaiNgah', 'true', '07237568471', '54 Constitution St', 'SY18 6BR', 'SY18 6BR', 'SY18 6BR', '52.313061', '-3.546898', '1969-12-25', 'false', 'Female', 'Cras eu tellus eu', 'false', 'false', 'true', '2014-11-14 23:35:34', '2015-01-04 14:35:33'),
(51, 'Finley', 'Ashton', 'FinleyAshton@teleworm.us', 'eeYahng8Ph', 'true', '07161497476', '51 Northgate Street', 'NG22 6QR', 'NG22 6QR', 'NG22 6QR', '53.091106', '-1.021785', '1997-03-31', 'false', 'Female', 'Proin', 'false', 'false', 'true', '2014-10-25 20:52:43', '2014-11-07 17:44:59'),
(52, 'Joshua', 'Lawrence', 'JoshuaLawrence@gustr.com', 'Chualei3thu', 'true', '07871799746', '52 Baldock Street', 'DG2 3SZ', 'DG2 3SZ', 'DG2 3SZ', '54.816601', '-3.746718', '1957-10-17', 'false', 'Female', 'nec, malesuada ut, sem.', 'false', 'false', 'true', '2014-07-31 20:56:51', '2014-02-12 16:30:59'),
(50, 'Archie', 'Hamilton', 'ArchieHamilton@rhyta.com', 'faish1Cai', 'true', '07156821070', '40 Buckingham Rd', 'TD15 4FG', 'TD15 4FG', 'TD15 4FG', '54.962399', '-2.195414', '1998-11-23', 'true', 'Male', 'at lacus. Quisque purus sapien,', 'true', 'false', 'true', '2014-05-04 18:15:10', '2014-02-14 10:31:24'),
(49, 'Madison', 'Marsden', 'MadisonMarsden@jourrapide.com', 'ooseexaeF5f', 'true', '07423798300', '66 Trehafod Road', 'EX39 5SU', 'EX39 5SU', 'EX39 5SU', '50.982796', '-4.593468', '1964-11-18', 'true', 'Male', 'et netus', 'true', 'true', 'false', '2014-02-21 16:37:34', '2014-01-28 18:30:26'),
(48, 'Jonathan', 'West', 'JonathanWest@einrot.com', 'aeV8Lo3oo', 'true', '07946447380', '44 Witney Way', 'LD8 3YE', 'LD8 3YE', 'LD8 3YE', '51.372749', '-2.849956', '1941-01-05', 'true', 'Male', 'nisl. Nulla eu neque pellentesque massa lobortis', 'true', 'true', 'false', '2014-08-26 09:17:54', '2014-11-22 12:45:50'),
(47, 'Charlie', 'Stevens', 'CharlieStevens@rhyta.com', 'Ievah8uwail', 'true', '07858026830', '62 Prestwick Road', 'AB41 7UX', 'AB41 7UX', 'AB41 7UX', '57.366245', '-2.156764', '1971-01-25', 'false', 'Female', 'ornare.', 'false', 'true', 'false', '2014-08-28 17:27:51', '2014-09-20 08:32:30'),
(46, 'Rhys', 'Donnelly', 'RhysDonnelly@superrito.com', 'eimeiThei2p', 'true', '07248665579', '74 Northgate Street', 'TN40 9BY', 'TN40 9BY', 'TN40 9BY', '50.948345', '0.486377', '1972-07-12', 'false', 'Female', 'massa. Mauris vestibulum, neque sed', 'false', 'true', 'false', '2014-02-01 17:34:04', '2014-05-29 11:06:53'),
(45, 'Joseph', 'Randall', 'JosephRandall@cuvox.de', 'Ahc1EighahT', 'true', '07842907824', '54 Jesmond Rd', 'PH33 4LS', 'PH33 4LS', 'PH33 4LS', '56.433758', '-3.501888', '1972-10-15', 'false', 'Female', 'lacinia at, iaculis quis, pede.', 'false', 'false', 'false', '2014-06-14 20:37:37', '2014-07-14 11:12:34'),
(44, 'Samuel', 'Norman', 'SamuelNorman@teleworm.us', 'Eem8ziogh', 'true', '07192453702', '34 Stroud Rd', 'EX20 1WL', 'EX20 1WL', 'EX20 1WL', '50.577423', '-4.201673', '1956-05-19', 'true', 'Male', 'dui lectus rutrum urna, nec luctus felis', 'true', 'false', 'true', '2014-12-15 23:28:27', '2014-10-19 00:54:10'),
(43, 'Edward', 'Hancock', 'EdwardHancock@armyspy.com', 'pheed8aeDoPh', 'true', '07653768660', '4 Cambridge Road', 'DG9 2TQ', 'DG9 2TQ', 'DG9 2TQ', '54.762424', '-4.909534', '1947-10-27', 'true', 'Male', 'neque sed sem egestas blandit. Nam nulla', 'true', 'false', 'true', '2014-02-09 19:55:48', '2014-04-25 15:40:15'),
(42, 'Sophia', 'O''Sullivan', 'SophiaOSullivan@cuvox.de', 'po6ooR7z', 'true', '07667007287', '42 Uxbridge Road', 'PA31 5PY', 'PA31 5PY', 'PA31 5PY', '55.828346', '-5.518089', '1960-05-21', 'true', 'Male', 'ullamcorper viverra. Maecenas iaculis aliquet diam. Sed', 'true', 'false', 'true', '2014-02-28 05:45:05', '2014-04-24 21:03:33'),
(41, 'Leon', 'Doherty', 'LeonDoherty@dayrep.com', 'Eeh2aiJeiqu6', 'true', '07310658805', '69 Abingdon Road', 'DN3 0FU', 'DN3 0FU', 'DN3 0FU', '53.543579', '-1.078072', '1978-08-03', 'false', 'Female', 'nec metus facilisis lorem', 'false', 'true', 'true', '2015-01-11 02:15:39', '2014-01-29 22:59:58'),
(40, 'Thomas', 'Cameron', 'ThomasCameron@teleworm.us', 'Quoh1je8ieph', 'true', '07243922127', '76 Glandovey Terrace', 'CF46 7HX', 'CF46 7HX', 'CF46 7HX', '51.716587', '-3.191301', '1946-07-31', 'false', 'Female', 'vel nisl. Quisque fringilla euismod enim.', 'false', 'true', 'true', '2014-07-17 21:48:41', '2014-11-06 00:05:15'),
(39, 'Sean', 'Wood', 'SeanWood@jourrapide.com', 'eobig4johS', 'true', '07502088729', '86 Temple Way', 'TN30 4LX', 'TN30 4LX', 'TN30 4LX', '50.912136', '0.755096', '1996-11-02', 'false', 'Female', 'risus odio, auctor vitae, aliquet nec,', 'false', 'true', 'false', '2015-01-03 15:58:10', '2014-11-06 19:55:24'),
(38, 'Charlie', 'Gould', 'CharlieGould@teleworm.us', 'Ej2or6Yeroo', 'true', '07587760024', '75 Annfield Rd', 'DH9 4GS', 'DH9 4GS', 'DH9 4GS', '54.606483', '-1.597088', '1981-05-18', 'true', 'Male', 'natoque penatibus et', 'true', 'true', 'false', '2014-05-11 15:20:23', '2014-09-19 19:59:20'),
(37, 'Aaron', 'George', 'AaronGeorge@einrot.com', 'quuRoh9ai', 'true', '07696321902', '40 St Andrews Lane', 'NP7 8WN', 'NP7 8WN', 'NP7 8WN', '51.771645', '-3.530916', '1968-02-19', 'true', 'Male', 'libero et tristique pellentesque, tellus sem', 'true', 'false', 'false', '2014-10-05 05:53:26', '2014-08-15 02:41:37'),
(35, 'Molly', 'Morley', 'MollyMorley@teleworm.us', 'aer0Che4ai', 'true', '07753656895', '91 Victoria Road', 'ME17 9PG', 'ME17 9PG', 'ME17 9PG', '51.141586', '0.579583', '1991-01-11', 'false', 'Female', 'est', 'false', 'false', 'false', '2014-06-26 05:49:16', '2014-06-27 00:27:59'),
(36, 'Tegan', 'Howard', 'TeganHoward@einrot.com', 'Rohaem2pi5ai', 'true', '07886974114', '69 Ilchester Road', 'SY7 9QU', 'SY7 9QU', 'SY7 9QU', '52.166569', '-2.906499', '1958-12-13', 'true', 'Male', 'Aliquam fringilla cursus', 'true', 'false', 'false', '2014-02-26 22:54:39', '2014-10-21 01:50:56'),
(34, 'Archie', 'Short', 'ArchieShort@einrot.com', 'Sohng9ooPai', 'true', '07185757628', '59 Old Edinburgh Road', 'LE7 8LD', 'LE7 8LD', 'LE7 8LD', '52.636017', '-0.919170', '2000-11-12', 'false', 'Female', 'non ante bibendum ullamcorper.', 'false', 'false', 'true', '2014-11-29 07:04:00', '2014-04-08 16:50:55'),
(33, 'Lucy', 'Berry', 'LucyBerry@fleckens.hu', 'aiWoimai6k', 'true', '07854858880', '83 Maidstone Road', 'LN2 3BR', 'LN2 3BR', 'LN2 3BR', '53.191265', '-0.447528', '1961-10-31', 'false', 'Female', 'at fringilla purus', 'false', 'true', 'true', '2014-03-25 04:09:26', '2014-12-22 00:01:02'),
(32, 'Jonathan', 'Collins', 'JonathanCollins@superrito.com', 'coo6Yae8jah', 'true', '07164524556', '26 Ockham Road', 'EH34 9BB', 'EH34 9BB', 'EH34 9BB', '55.906601', '-2.864214', '1957-10-01', 'true', 'Male', 'ut erat.', 'true', 'true', 'true', '2014-02-24 01:41:50', '2014-04-04 08:33:03'),
(30, 'Victoria', 'Barry', 'VictoriaBarry@superrito.com', 'quooQui1too', 'true', '07021424596', '31 Dunmow Road', 'PR6 7UZ', 'PR6 7UZ', 'PR6 7UZ', '53.738190', '-2.669776', '1975-04-16', 'true', 'Male', 'ullamcorper, velit in aliquet lobortis, nisi nibh', 'true', 'true', 'true', '2014-07-02 08:49:34', '2014-12-25 15:12:12'),
(31, 'Kayleigh', 'Mahmood', 'KayleighMahmood@fleckens.hu', 'Ohn7sefei', 'true', '07736028648', '45 Fraserburgh Rd', 'PA21 0XQ', 'PA21 0XQ', 'PA21 0XQ', '55.930229', '-5.243395', '1984-03-02', 'true', 'Male', 'Cras dictum ultricies ligula.', 'true', 'true', 'true', '2014-08-19 00:47:04', '2014-07-10 04:02:52');

-- --------------------------------------------------------

--
-- Table structure for table `venue`
--

CREATE TABLE IF NOT EXISTS `venue` (
  `venue_id` int(11) NOT NULL AUTO_INCREMENT,
  `user_id` int(11) NOT NULL,
  `v_name` varchar(50) COLLATE utf8_unicode_ci NOT NULL,
  `v_type` varchar(50) COLLATE utf8_unicode_ci NOT NULL,
  `address` varchar(255) COLLATE utf8_unicode_ci NOT NULL,
  `post_code` varchar(50) COLLATE utf8_unicode_ci NOT NULL,
  `latitude` decimal(9,6) NOT NULL,
  `longitude` decimal(9,6) NOT NULL,
  `max_cap` int(11) NOT NULL,
  `v_desc` text COLLATE utf8_unicode_ci NOT NULL,
  `created_at` timestamp NOT NULL DEFAULT CURRENT_TIMESTAMP,
  `updated_at` timestamp NOT NULL DEFAULT '0000-00-00 00:00:00',
  PRIMARY KEY (`venue_id`),
  KEY `FK_venue` (`user_id`)
) ENGINE=MyISAM  DEFAULT CHARSET=utf8 COLLATE=utf8_unicode_ci AUTO_INCREMENT=77 ;

--
-- Dumping data for table `venue`
--

INSERT INTO `venue` (`venue_id`, `user_id`, `v_name`, `v_type`, `address`, `post_code`, `latitude`, `longitude`, `max_cap`, `v_desc`, `created_at`, `updated_at`) VALUES
(54, 6, '8 Eastcheap meeting & training space', 'Meeting Room', '9A,Maud Road,London', 'E105QF', '51.557136', '-0.007100', 240, 'Situated adjacent to the impressive "Walkie Talkie" and just minutes from Monument, Bank & Fenchurch Street Stations. WIth 14,000 sqft of space over 2 floors the venue offers a contemporary design and high quality meeting, training & conference space. Situated in a prime location at 8 Eastcheap making it easy to reach from all parts of The City.', '2014-12-08 20:51:35', '0000-00-00 00:00:00'),
(56, 6, 'Maple House', 'Conference Room', '53,Burwell Road,London', 'E107QG', '51.568417', '-0.034994', 160, 'Award winning training, conference and meeting venue located in Corporation Street, Birmingham. Wide range of meeting, training & conference rooms suitable for all types of events and exhibitions. Multiple Winner of Industry ''Gold Award'' for customer service. Our chefs are award winners at the prestigious CCE/IACC Chef''s Challenge Awards.', '2014-12-08 20:57:09', '0000-00-00 00:00:00'),
(57, 7, 'Hallam Conference Centre', 'Board Room', '1,Alfred Mews,London', 'E105PE', '51.521083', '-0.133597', 250, 'PA systems, recording equipment & projection systems ensure a successful event. Ethernet, wireless LAN connections for external communications & visual fold back is provided for presentation ease.', '2014-12-08 21:04:25', '0000-00-00 00:00:00'),
(53, 122, '155 Bishopsgate', 'Conference Room', '68,Huntley Street,London,London,Greater London', 'WC1E6DD', '51.523728', '-0.135463', 550, 'Three conference suites with the largest accommodating up to 550 people, all adjacecnt to an exhibition space that can accommodate up to 35+ exhibition stands. Ideal for tech-based events, 155 Bishopsgate has all the latest AV and IT systems, including superfast WiFi and video conferencing. Fantastic location next to Liverpool Street Station.', '2014-12-08 20:37:46', '0000-00-00 00:00:00'),
(73, 121, 'Glaziers Hall', 'Auditorium', '9, Montague Close, London', 'SE19DD', '51.507012', '-0.088187', 600, '5 flexible corporate/private event spaces accommodating 10–600 guests in a 19th-century warehouse.', '2015-02-10 23:19:03', '0000-00-00 00:00:00'),
(74, 70, 'Prospero House', 'Conference Room', '241, Borough High Street, London', 'SE11GA', '51.500655', '-0.093813', 250, 'Modern, flexible conference and events space with 3 floors of training and meeting rooms.', '2015-02-10 23:25:15', '0000-00-00 00:00:00'),
(75, 8, 'Long Lane JFC Meeting & Conference Room', 'Meeting Room', 'Dursley Road, Blackheath, Greenwich, London', 'SE38PB', '51.468172', '0.030775', 50, 'The meeting room is suitable for groups of up to 50 people seated, or up to 32 seated with tables (depending on the layout). The room is light and airy, centrally heated and with nearby access to toilets.', '2015-02-10 23:56:30', '0000-00-00 00:00:00'),
(72, 112, 'The Gibson Hall', 'Open Space', '30 store st london', 'WC1E7QD', '51.519832', '-0.131318', 120, 'Landmark building with secluded garden, used for parties, conferences, awards, weddings and dinners.', '2015-02-09 22:44:58', '0000-00-00 00:00:00'),
(76, 149, 'ss', 'Meeting Room', 'dd', 'WC1H 0NS', '51.523510', '-0.129269', 2455, '', '2015-02-11 02:12:18', '0000-00-00 00:00:00');

/*!40101 SET CHARACTER_SET_CLIENT=@OLD_CHARACTER_SET_CLIENT */;
/*!40101 SET CHARACTER_SET_RESULTS=@OLD_CHARACTER_SET_RESULTS */;
/*!40101 SET COLLATION_CONNECTION=@OLD_COLLATION_CONNECTION */;
